,score,comment
0,3,"O produto é o anunciado, todavia demorou muito para chegar,."
1,5,"Muito bom, probióticos sempre fazem bem, continuarei comprando."
2,4,"Estou na segunda semana de uso. Pode ser pouco tempo ainda, mas o fato é que meus calcanhares continuam ásperos e cheios de rachaduras e bolhas secas. Nada melhorou ainda, nada nada."
3,5,"O produto era o que eu procurava, mas só saberei o resultado mesmo depois de um tempo quando refizer os exames."
4,5,"Produto eficaz de  de ótima qualidade,estou me sentindo muito bem."
5,1,Razoável não fiquei satisfeito com o produto não atendeu minha expectativa.
6,5,"Produto de excelente qualidade, super recomendo."
7,4,"Ótimo produto, recomendo, podem comprar tranquilamente."
8,5,"Ótimo produto, recomendo, eficiência comprovada."
9,5,Excelente produto! estou satisfeita!.
10,5,Muito bom recomendo.
11,5,Excelente produto hidrata a pele dos pés como nenhum outro.
12,5,Muito bom otimo eu muito comprei 30 unidades e so me resta 5 prodtos.
13,4,Eficiente no tratamento! com o uso diário percebi diminuição da sensação de estômago dilatado e menos crises de gases. Estou gostando bastante de usar.
14,2,"Não gostei, para mim não resolveu nada."
15,5,"Para quem não produz fator intrínseco, é ótimo. Recomendo."
16,5,"Muito bom, recomendo a todos !."
17,4,"Veio já com 6 meses para o vencimento, mas está ok."
18,5,"Produto de excelente qualidade, sempre compro com eles."
19,5,"O produto é muito bom, melhora o aspecto da pele, remove as impurezas deixando a pele bem fresca."
20,5,"500g é um pacote bem grande! rende muito porque se vc faz uso da argila somente em si mesma, a quantidade de 2 colheres já serve! achei a argila potente, sinto a diferença imediatamente quando retiro o produto. A sensação de limpeza e pureza na pele são revigorantes! vou comprar mais vezes e vou comprar de outras cores, pra mesclar os benefícios. Adorei! recomendo!."
21,5,"Já utilizo as argilas da dermare, são de excelente qualidade, proporcionam um bom resultado para a face e os cabelos, elas possuem efeito tensor que deixa a pele sem oleosidade e muito limpa deixando também os poros abertos para que seja aplicado algum creme de nutrição ou hidratação. Eu particularmente recomendo."
22,5,"Não sou patrocinado nem nada por eles. Mas eu simplesmente ameeeei o resultado da argila preta. Uso no meu cabelo cacheado, e uso na pele ! o resultado é maravilhoso. Logo logo comprarei uma argila de cor diferente."
23,3,Eu comprei de todas as cores. Mas. O rótulo de um é diferente do outro. Um rótulo  é impermeável. Outro não. Um rótulo é maior que o outro. ??? muito estranho. E me deu uma baita espinha.
24,3,"A argila preta funcionou para o meu irmão, porém na minha pele queimou, deixou extremamente vermelha e sensível. Talvez minha pele possa ter reagido mal, porém todo cuidado é pouco."
25,5,"O pacote é grande e parece durar bastante, bem informativo com a forma que deve ser usado, gostei bastante e senti diferença desde o primeiro uso."
26,5,"Indico somente para pele que realmente precisa de detox e é oleosa, pois ela seca bem. Pode irritar se a pele for seca e sensível."
27,5,"Não resseca a pele como a verde, fecha poros, diminui espinhas (até as pequenas), controla a oleosidade e não aperta muito quando seca."
28,5,"Muito bom a argila,tira toda oleosidade do rosto,mas tem que saber usar, só pode passar uma vez na semana."
29,5,Ótimo produto podem comprar sem medo e parabéns pela equipe de vendas sempre transparente e corretos no qe se faz.
30,3,Ainda não usei pois vou fazer  uso para enraizar galhos de plantas. Dei uma nota para completar a informação.
31,5,"Adorei o resultado, que é progressivo e acontece aos poucos com uso contínuo. Tem ótima qualidade. Amei."
32,5,"A principio gostei, só usei uma vez teria q usar mais para dar um feed back melhor."
33,5,"Essa argila é ótima ,eu passo no rosto e na barriga a pele fica maravilhosa."
34,5,"Ele é ótimo, estou usando há duas semanas e sinto minha pele ser puxada hahaha."
35,5,Adorei os produtos para limpeza de pele. É realmente oque eu esperava. Super indico!.
36,5,Preço bom e a qualidade também é ótima. Deixa a pele fresca e renovada.
37,5,Uma maravilha essa argila deixa a pele bem limpa e bonita achei ótima.
38,5,Gostei muito da argila. Minha pele ficou lisa e bonita após o uso.
39,5,"Comprei a preta e branca,simplesmente amei,produto de ótima qualidade super recomendo."
40,5,Bom! atende o que promete. Uso com fim medicinal e tem sido ótimo.
41,5,As argilas da marca dermare em geral são de ótima qualidade! recomendo!.
42,1,Pessimo! empolou o meu rosto do meu marido e da minha irmã!.
43,5,"Ótimo produto atendeu minhas expectativas, deixa a pele macia e bem hidratada."
44,5,Muito boa a argila preta! rende muito o produto e resultado excelente!.
45,5,"Muito bom pra pele, precisa ter uma rotina para poder ver diferença."
46,5,As argilas chegaram rápido e muito bem embaladas. O produto é ótimo.
47,4,"A data de validade está um pouco em cima, mas ok."
48,5,"Gostei muito, usei poucas vezes e já se nota a eficiência."
49,5,"Produto de excelente qualidade!. 
Eu recomendo a todos que queiram comprar."
50,5,"Excelente! a pele fica otima, produto de qualidade e preço acessivel."
51,4,"Produto de boa qualidade,consigo atingir meu objetivo de tratamento."
52,4,"Eu adorei o efeito que dá na pele, não resseca."
53,5,Excelente. As primeiras aplicações no rosto já mostram bons resultados.
54,5,Cumpri o que diz a pele fica macia e bonita.
55,5,"Estou gostando, até o momento atende o que preciso."
56,5,"Ela seca rápido e esfarela, mas gostei de usar."
57,5,A melhor argila que já usei! virou minha favorita.
58,5,"Produto muito bom , cobri com o que diz."
59,5,"Muito bom, limpa a pele e deixa suave."
60,5,"Muito bom, gostei, sensacao otima na pele, recomendo."
61,4,Muito bom para a pele recomendo otimo produlto.
62,5,"Produto de boa qualidade, já noto um resultado."
63,3,"Ainda em teste,mas apresentando bons resultados."
64,4,"Produto bom, minha filha usou e gostou."
65,5,"Ótimo produto, qualidade , deixa a pele maravilhosa."
66,5,Adorei produto maravilhoso fiz sabonetes  ficaram perfeitos.
67,5,"Bom produto. 
Minha filha elogiou bastante. 
Recomendo."
68,5,Ótimo produto gostei muito estão de parabéns.
69,5,"Adorei, muito bom, recomendo,  vale a pena!."
70,5,"Argila boa, não testei muitas vezes ainda."
71,5,Ótimo produto e efeito positivo gostei muito.
72,5,"Excelente, correspondeu todas as minhas expectativas."
73,4,Muito bom!!! atendeu as minhas expectativas.
74,5,Produto muito bom atendeu minhas espectativas.
75,5,Perfeita! atendeu muito bem a expectativa.
76,5,O produto é exatamente como descrito.
77,5,Ótimo produto. Pele renovada instataneamente. Ameii.
78,5,Amo fazer máscara com essa argila.
79,5,"Otimo produto, já usei e  adorei."
80,4,Maravilhosos! podem comprar! de boa qualidade!.
81,5,"Excelente qualidade, efeito tensor e refrescante."
82,5,Ótimo produto. Vale a pena comprar!.
83,5,"Adorei o produto , apele ficou branquinha."
84,5,Ótimo! produto muito bom de qualidade.
85,5,Otimo produto super recomendo a todos.
86,5,"Produto muito bom, atendeu minhas expectativas."
87,5,"Produto muito bom, excelente qualidade."
88,5,"Excelente produto!. 
Atendeu as expectativas!!."
89,4,"Bom produto, rende bastante. Gostei."
90,5,Produtos bons com qualidade confiável.
91,5,Perfeita maravilhosa como a descriçao.
92,5,"Produto excelente, recomendo o produto."
93,5,"Gostei da argila preta, recomendo."
94,5,"Indico, alcançou minhas expectativas."
95,5,"Otimo produto, super recomendo."
96,5,"Ótimo, exatamente como descrito."
97,5,"Ótimo produto, super recomendo."
98,5,Argila de ótima qualidade! !.
99,5,Perfeito. Conforme a descrição.
100,5,"Excelente produto, recomendo."
101,3,"Gente, pensa num produto forte. Amei! so não dou 5 estrelas porque acabei de receber. Após constatar que funciona em dores diferentes, se o produto é durável. Vou esperar pelo menos um ano para aumentar as estrelas. 
Mas de início gostei muito porque é pequeno e prático para levar na bolsa."
102,5,"Aparelho pequeno porem super forte, na metade da intensiade ja é dificil de aguentar! a primeiro momento otimo, cumpre o que promete."
103,5,Aprovado. Em  poucas  sessões já  resolveu   meu   problema. Excelente   produto. Recomendo  a   todos!!!.
104,4,Interessante e funcional. Pena que não venha com corrente fes e russa.
105,5,"Excelente produto, qualidade e potencia em um pequeno aparelho com fácil manuseio !!."
106,5,Muito bom! bem compacto e vem com informacoes de modo de uso.
107,5,"Excelente,a bateria dura uma eternidade!vale cada centavo."
108,5,"Excelente funciona muito bem, a bateria dura muito."
109,5,"Muito bom!. 
Pequeno, más potente e prático."
110,5,Bateria dura muito tempo. Excelente qualidade.
111,5,Ótimo produto. Recomendadíssimo.
112,1,"O produto eh de qualidade, pena que não fez bem pra me, me atacou o estômago."
113,5,Ainda não tenho como avaliar pois acabei de comprar mas achei muito bom.
114,5,"Ainda estou usando, faz aproximadamente 1 mês, gostei da textura e cheiro, como ustilizo outros produtos associados, não consigo opinar claramente sobre o resultado, mas acredito que é uma boa associação e bom produto!."
115,1,"Não valeu nada, usei quase o tubo inteiro e até agora não vi resultados."
116,5,Produto maravilhoso pouco dias de uso e já começou a aparecer os resultados.
117,3,"Não resolveu o problema,mas eu prossigo tentando ,obrigada."
118,5,Produtos maravilhosas vou fazer minha segunda compra de novo minhas que me amaram.
119,4,"Produto muito bom, comprei pra revenda, as clientes gostaram."
120,3,"Até agora não deu para saber ,assim que ver o resultado eu darei mais estrelas."
121,3,Até o exato momento  não tenho nenhuma  resposta sobre o produto  pois tenho  pouco tempo  de uso.
122,5,O melhor magnésio pra ajudar a tratar a insonia.
123,4,"Este magnésio está voltado para regular o cérebro, melhorar a memória, entre outras funções cerebrais. Estou tomando há apenas uma semana. Cedo ainda para uma manifestação mais detalhada. Porém sei que me fará bem. Fiquei satisfeito com a compra e com a fornecedora. Obrigado a todos."
124,4,"É a primeira vez que tomo. No primeiro dia, senti minha cabeça queimar muito e uma agitação muito forte. Já nos dias seguintes o cérebro foi adaptando. Sinto que realmente deixa a gente mais ligado e focado. 
Comprei de uma farmácia de manipulação online."
125,5,"Bom produto, funciona como especificado, melhorando a ativação do cérebro, sem deixar que as doses de magnésio no corpo abaixem. Durante o tempo, o corpo acostuma, mas se faltar, com o tempo você perderá a falta. Vale à pena."
126,5,"Estou tomando a mais de duas semanas e já notei as melhoras no sono e disposição que dar e também diminuiu a significativamente a ansiedade e também melhorou muito na concentração e foco, recomendo!!!."
127,4,"Muito bom, estou dormindo melhor e acordando com mais  disposição. Eu, minha mãe que tem alzheimere e minha irmã tb estão tomando. P minha mãe ainda não vi algum efeito mas vamos aguardar."
128,2,"Em mim não funcionou, não senti melhora absolutamente nada. No começo dá uma falsa impressão de vitalidade. Já usei uma infinidade de suplementos e até agora os milagres só ficaram nos anúncios."
129,2,"Usei o produto por indicação médica para melhora das funções cognitiva e memória recente, mas não obtive o resultado esperado. Não aferi diferença em relação ao magnésio dimalato que fazia uso."
130,3,"O meu esposo que está tomando, ainda é cedo para seber a eficácia do produto, quando ele terminar de tomar, se for bom, dou a minha opinião e, compro mais."
131,5,Gente estou me sentindo ótima com magnésio treonato eu recomendo tem me dado à disposição diminuir um pouco a minha ansiedade tô me sentindo ótima eu aconselho muito bom.
132,3,Ainda não tenho como dar uma opinião sobre o produto. Já estou tomando a 3 semanas e não senti qualquer efeito no meu organismo deste suplemento.
133,5,Produto maravilhoso. Tão bom quando p importado. Fiquei mais disposta e dá uma sensação agradável de relaxamento. Ótimo para complementar meu tratamento natural contra ansiedade.
134,4,"Bom produto, comprei para auxiliar no sono e humor. Estou tomando há dois dias, e tem me ajudado a adormecer e ter um sono reparador."
135,5,"O magnésio é nutriente super importante para nosso organismo, e aqui no mercado livre encontrei um suplemento de magnésio de ótima qualidade num bom preço."
136,5,"Estou em fase de teste ainda, mas o produto no que concerne a melhoria do sono está cumprindo o que promete a regulação do mesmo."
137,5,"Muito bom,eu tenho síndrome do pânico e prá mim melhorei muito hoje não sinto quase nada de pânico melhorei muito, já vou comprar outro."
138,5,"Bom dia. 
Eu comesei tomar este produto tem uns 15 dias. 
Ainda é muito cedo para opinar. 
Produtos naturais tem um retorno muito lento."
139,5,É complicado opinar sobre um produto sem nota fiscal (não que isso seja garantia de qualidade). Mas prefiro acreditar na boa fé do fabricante.
140,5,"Minha mae tem alzheimer e esse é o 2 frasco que compro, achei que ouve melhora com o uso desse suplemento."
141,3,"Faz muito pouco tempo que estou fazendo uso desse suplemento. Por isso, ainda não tenho uma opinião formada sobre o produto."
142,5,"Excelente produto, me ajudou muito na ansiedade e consequentemente no sono. Voltarei a comprar com esta farmácia sem dúvida."
143,4,"Eu tenho achado bom , mais ainda não alcancei o obgetivo , que é melhorar o sono e a minha memória."
144,5,"Bom produto , ajuda a dormir com qualidade. Deve ser tomado de 1h, 1h30 antes do período que queira dormir."
145,3,Ainda não tenho nenhum parecer a comentar. Comecei a tomar faz pouco tempo não percebi nenhuma mudança ainda.
146,5,Treonato é a melhor forma de usar magnésio. Os comprimidos têm uma boa quantidade do princípio ativo.
147,5,"Eu tomei no primeiro dia, eu percebi uma reação calmante no meu corpo, eu fazendo o uso."
148,5,Magnésio l-treonato de excelente qualidade. Dos que eu tomei até hj  nenhum se compara com esse.
149,5,"Comecei a tomar à pouco tempo ,não tenho uma opinião formada ainda ,mas foi muito bem recomendado!."
150,5,Faz um duas semanas e já percebi a diferença  na mi há memória  muito bom.
151,5,Ja na primeira semana que estou tomando ja senti efeito e uma melhora da ansiedade.
152,5,"Turbinou minha memória! eu recomendo, pois é um perfeito alimento para as células do cérebro!."
153,5,Produto muito bom. Estou vendo os resultados na memória. Gostei e vou continuar comprando. ???.
154,4,Comecei  a usar faz uns quinze  dias e ja estou  notando  a diferença.
155,4,Muito bom gostei demais. Concentraçao boa. O melhor que ja vi no ml.
156,5,Muito bom! gostei muito! vale a pena comprar para cuidar da sua saúde.
157,5,"O produto é muito bom,  já produzindo seus efeitos  benéficos ao organismo."
158,5,Muito bom. Foi um gde reparador de sono para as minhas idosas.
159,5,"Muito bom. Me sinto mais produtiva, depois que comecei a tomar."
160,5,Excelente! melhorou o sono sentindo muito bem no dia a dia!!!.
161,5,"Produto excelente, suplemento essencial para uma vida saudável. Indico a todos."
162,4,Ainda não tem como avaliar muito. Pouco tempo de uso.
163,5,Aprovado. Os efeitos foram sentidos em menos de uma semana.
164,4,Ainda não posso opnar pois estou usando a poucos dias.
165,5,Muito bom produto já deu algum resultado rapidamente no raciocínio!.
166,5,"Excelente produto, melhor do que qualquer outro tipo de magnésio."
167,4,"Magnésio muito bom, de qualidade, ótimo para o cérebro."
168,5,Original ótimo. Pode comprar que nao vai se arrepemder.
169,5,"Comecei a tomar e estou gostando, muito bom."
170,4,"Produto como anunciado, já  estou usando, tudo ok."
171,5,Gostei muito excelente era tudo que estava precisando.
172,5,Produto de boa qualidade e recomendo a compra.
173,5,Produto de qualidade que oferece ótimos resultados.
174,5,"Otimoooooo otimo otimo, vale apena comprar, saúde."
175,4,"Não tenho como opinar ainda, breve opinarei."
176,5,"Excelente produto, produz o resultado esperado."
177,5,"Ótimo produto , cumpre o que promete."
178,5,Produto autêntico e benéfico ao organismo.
179,4,Achei bom. Tomo há pouco tempo.
180,5,Ótimo muito bom pra quem estuda.
181,4,"Produto muito bom, recomendo a todos."
182,4,Meu marido está dormindo melhor agora!.
183,5,"Produto de qualidade, estou gostando."
184,5,Muito bom. Produto de qualidade.
185,5,Execelente qualidade do produto.
186,5,"Excelente produto, aprovado. Recomendo!."
187,5,Tenho que esperar pelo menos 30 dias de uso para avaliar  bem os resultados.
188,5,"Recomendo,produto muito bom,recomendado por nutricionista,."
189,5,"Tenho 7 hernias de disco,a coluna toda ferrada,estava andando de bengala,depois de um tempo tomando melhorei bastante. Deve ter sido o colageno. Vou comprar de novo."
190,5,Ainda tomei pouco tempo p ver resultados. Mas o produto parece ser de otima qualidade.
191,2,"Achei estranho ,por curiosidade abri a cápsula e experimentei e p minha surpresa o remédio tem gosto de polvilho e derrete na boca como polvilho. Vcs que compraram o de vcs também é  assim ? se for de joinha positivo ,se não for de negativo. 
Tô com essa dúvida porq sei q quando o remédio é na cápsula é porq é  amargo ou ruim  vou tomar até o fim p ver se tem algum resultado que seja p ter certeza da eficaz do produto. 
Se tiver resultado volto aq e  aumento as estrelinhas. 
Faz uma semana q tô tomando até agora não vi nem senti nada. 
Vamos aguardar."
192,5,Eu não sei porque não provei ainda.
193,5,Produto maravilho faz 15 dias que estou tomando e deu resultado. As marcas de expressao estao menos visiveis o meu cabelo oarou de cair. Nunca timei um cologeno tao bom. Achei meu queridinho. Tomo 4 capsulas ao dia e ja vou comorar o combo nao vou parar de tomar tdm que aer uso continuo. Simplismrnte amei e indico o prodito.
194,5,"Excelente produto,recomendo!."
195,3,Comecei a usar hoje. Quero dar 5 estrelas em breve se for bom. Nunca usei dessa marca. As 3 estrelas ai são pelos comentários positivos dos clientes aí. Comprei por indicação dos msm lendo os comentários aqui. Quero em breve poder dar 5 estrelas quando ele surgir efeitos.
196,5,Muito bom.
197,5,"Para tudooooo, melhorou 60% da minha celulite! só  por isso já estou grata! quanto a firmeza da pele, cabelo e unha, estou no terceiro  mês  de uso, então em teste ainda, mas a celulite( coisa q estava me matando) já foi fazendo efeito. Glooooria."
198,1,"Efetuei a compra para testar a sua eficacia,porém não  senti diferença significatica no tecido corporal. Pois não contem vitamina c em sua composição , o que por sua vez não contribui para a absorção de colageno e produção de elastina. Nas camadas teciduais."
199,5,"Esse termogenico não tem só a função de emagrecer. É só uma das atribuições dele! já sou usuário há um tempo e recomendo com total satisfação! ótimos resultados. Super satisfeito! mas não tome de qualquer maneira, procure as orientações de um profissional!."
200,5,"Nós cinco primeiros dias, percebi que as dores nas articulações sumiram, mas ao sétimo dia comecei a ter muita dor de barriga, como diz que tem derivados do leite, eu tenho intolerância a lactose. 
O produto é bom, o problema foi comigo."
201,5,"Já estou no fim, mas os resultados não são tão perceptíveis. Estou em um processo de emagrecimento e dá pra perceber que ele auxiliou, vai variar de pessoa pra pessoa assim como qualquer outro produto do gênero, da dieta, exercícios etc."
202,5,"Gostei do produto, é  prático por ser cápsula, já percebo diferença na minha pele,claro q equilibrando a alimentação, ajuda bastante. Eu costumo tomar  o colágeno com alguma fonte de vitamina c , ajuda no resultado. Pretendo  comprar novamente quando acabar."
203,5,"Os suplementos da max titanium são excelentes. O colágeno, por exemplo, já proporciona resultados com apenas uma semana de uso. O whey é bem saboroso e dilui com facilidade. O termogênico dá um gás legal nos treinos. Recomendo!."
204,3,Só dei três estrelas porque ainda está muito cedo para eu opinar pois eu só estou fazendo uso do colágeno há 13 dias mas assim que eu ver resultados eu volto aqui e dou cinco estrelas.
205,5,"Maravilhoso. 
Estava com um pouco de flacidez na barriga e que sumiu com  2 semana que estou tomando o colageno,ate eu mesma nao acreditei,mais funciona mesmo,rosto achei que a pele ficou mais limpa."
206,4,"A primeira vista, me parece um produto de boa qualidade. Qto aos beneficios, ainda e muito cedo p avaliar. Ja tomo colageno a anos. Se este atender as expectativas continuarei comprando. Ate o momento, indico."
207,5,"É muito cedo pra mim opinar, é a primeira vez que uso. Mas confesso que já estou notando pequena diferença, pretendo continuar usando só desse no momento. Já notei diferença nas unhas e cabelo."
208,4,"Vou dar 4 estrelas por que ainda não obtive o resultado esperado são apenas 3 semanas de uso vamos ver mais pra frente, vou comprar outro pra dar continuidade no tratamento."
209,5,Já estou fazendo uso a algumas semanas e realmente senti significativa melhora no aspecto da pele. A pele ficou mais sedosa logo de primeira e está ficando mais firme também.
210,5,"É um produto muito bom, é possível verificar uma melhora, depois de um tempo, na qualidade da pele e musculatura. Claro que seguido de uma dieta balanceada e alimentação saudável."
211,4,"Produto bom, acho que so vou conseguir ver diferença da qui a uns dois meses mais gostei. Só não dei cinco estrelas porque não tomei o suficiente para ver resultados."
212,5,Não posso opinar ainda n tem mês q uso eu estou sentindo mal está ao engoli não sei o por q gostaria de saber  mais informações sobre o produto.
213,2,Então estou tomando ainda notei que minhas unhas está mais forte e cabelo tbm não está caindo agora pele não notei ainda diferença até pq uso ácido hialurônico.
214,2,Estou tomando faz quase um mês e não vejo absolutamente nada de diferente. Vou tomar por mais algum tempo e ver ser fato cumpre com o que promete.
215,5,"Ameiii o meu produto. Já estou usando a dois meses ótimo resultado, minha pele está mais firme e brilhante. Super indico. Uso também outros produtos da marca."
216,5,"Consumo esse produto há um ano, regularmente. Como tenho uma dieta equilibrada e suplemento, considero-o um alimento essencial na minha estratégia de saúde e de beleza."
217,4,"Vai faz 1 mês que estou tomando, por até agora estou gostando, botei mudança na pele e minhas unhas foi oq mais gostei, simplesmente parou de quebrar."
218,2,"Suplementos bons. Coqueteleira não veio na cor desejada, não veio da max titanium, (veio probiótica na cor rosa) e está vazando. A luva é fraca. Péssimos brindes."
219,5,"É o melhor colágeno que encontrei. Em custo e benefícios,  já faz mais ou menos 1 ano que uso e ajuda muito na elasticidade da pele."
220,3,"Bom é a primeira vez que estou tomando o colágeno, então não sei como vai ser o efeito ainda,mais gostando conserteza irei comprar mais vezes!."
221,1,"Produto de pessima qualilidade , não precisa ser um genio farmaceutico , para ver que não é um produto original , mas quem busca coisas baratas corre esse risco."
222,5,"Excelente dissolução do whey,  sabor maravilhoso, termogenico ainda nao conhecia e o colágeno já fazia uso tem ótimo efeito nas células fazendo me sentir bem. Parabéns."
223,4,Ainda estou tomando mais me sinto muito bem compre pra juntar com outro produto que tomo pra dores nas juntas e estou me dando muito bem.
224,3,Achei que a ação fosse mais rápida. Porém segundo amigas o efeito só vem depois de um bom tempo de uso. Vou aguardar agora o final.
225,4,"Não tenho como avaliar, comecei usar a dois dias, depois que acabou o que usava. Só mais adiante saberei se realmente é um produto funcional."
226,5,"Já havia tomado esse produto outras vezes,parei por um tempo e resolvi comprar novamente,realmente ele é muito bom e super indico,rende muito."
227,1,"Já estou no 3 frasco já acabando, comprei porque vi várias referências positivas, mais pra mim que comprei para cabelo e unha não vi resultados."
228,5,"Comecei a tomar o produto faz dois meses, o gosto e saboroso, facil de dissolver, minhas unhas ficaram mais fortes, a primeira coisa que constatei."
229,1,Estou tomando vai fazer 2 meses nao vi diferença nenhuma ! me fez ate duvidar se realmente é um colageno que tem dentro das capsulas mesmo. :(.
230,5,"Sempre compro,gosto muito e me sinto super bem,faz a diferença,nas unhas, cabelos,pele. Enfim,e acabar e compro de novo rss."
231,5,Ótimo produto. Estou usando há 2 meses já notei diferença na unha e cabelos. Na flacidez da pele tbm está ajudando muito. Super recomendo!!.
232,4,"Produto excelente, notei o resultado nos primeiros dias de uso. A minha pele ta lisinha. Super recomendo pela qualidade e preço. Vou comprar mais."
233,4,Rsrs. Difícil avaliar o resultado. Mas aparentemente sem problemas. Só não dei nota máxima pois achei as cápsulas meio grandes e chatas de engolir.
234,5,"A proteína sabor morango tem um gosto razoável de nesquik, sobre os resultados não sei afirmar pq não faz tempo suficiente que eu tomo."
235,5,Estou usando há 2 semanas e já vi uma melhora significativa na minha pele. Principalmente na flacidez da barriga com estrias. Super recomendo!!!.
236,5,"Estou usando á pouco tempo, mas já deu pra perceber a diferença na queda de cabelo e no fortalecimento das unhas. Produto bom."
237,1,Estou tomando  parece ser muito bom cabelo já deu  uma parada na queda assim q tiver maiores resultado voltarei pra dá  mais estrelas.
238,5,"Comprei uma vez pra minha esposa, como vimos os bons resultados,  tornei a comprar. Ele funciona mesmo , a pele fica lizinha, super recomendo."
239,5,Estou usando ha 15 dias e ja vi uma melhora em minha pele ^^ se continuar e melhorar os efeitos eu comprarei mais.
240,5,Produto muito bom! estou usando a um pouco mais de 20 dias e já vi resultado! aproveitei e já comprei mais um.
241,5,"Excelente produto faço uso dele a 4  anos  ,sinto minha pele lisinha sem estrias ,e sem flacidez,esses produtos são maravilhosos ,."
242,2,"Não notei nem uma diferença. Após acabar tive que comprar de outra marca que daí surgiu efeito, fortalecendo unhas e cabelos."
243,5,"Dei 5 estrelas mais ainda é muito cedo pra eu dizer alguma coisa, daqui mais uns mês eu digo alguma coisa."
244,4,Estou no segundo frasco e agora comecei a notar que a queda de cabelo parou estou feliz pois caia muito cabelo.
245,1,Pessimo nao responde nada e cobra um preco e manda nf com outro. Quero minha devolução do valor cobrado a maior.
246,5,Ainda estou tomando e cedo pra ver o resultado só tem dois dias que estou tomando mas parece muito bom. Recomendo.
247,5,"Comecei a usar agora, mas pelo o que li do produto, é muito bom!!! depois volto aqui e conto as mudanças!!!."
248,5,"Para nós mulheres a combinação da fórmula é apropriada e aliada ao colágeno, tão essencial, os resultados esperados certamente serão alcançados."
249,4,"Estou tomando faz 15 dias, ainda não vi um resultado concreto, mas já dá pra perceber melhora nas unhas e cabelos."
250,5,"Amo esse colageno, uso por causa da coluna, mas vejo melhora nas unhas, nas dores da coluna, pra mim excelente."
251,5,Bom dei 5 estrelas porque gosto de comprar no mercado livre mas sobre o produto eu não vi nenhum resultado.
252,4,4 estrelas porque já estou tomando há mais de 15 dias e não vi muito resultado como em outras marcas.
253,5,"Perfeito , sempre compro pra revenda uso e minhas clientes amam demais , meus cabelos crescendo como nunca e pele de pessego."
254,3,"Sinceramente , precisei suspender o tratamento c p colágeno p iniciar tratamento para enxaqueca , portanto não consigo opinar sobre sua eficácia."
255,5,Esse tipo de produto é difícil opnar pois o efeito é lento e leva muito tempo mas estou gostando. Recomendo!.
256,5,"Produto é bom, mais resultado vê com o tempo fazendo outras coisas certo. Uso faz algum tempo e recomendo."
257,5,"Comecei a usar a pouco tempo, tenho q esperar mais um tempo pra avaliar, até então, gostei do produto."
258,5,Ótima compra e questão da minha tendinite nem sinto mais dores no braço ótimo produto vocês estão de parabéns.
259,5,"Comecei a tomar a pouco tempo, vamos ver, os produtos vieram todos certos. Https://www. Sunsetweb. Com. Br."
260,3,"Comprei 6 potes mais ainda  não consumi nem um, tô no primeiro l, mais espero um bom resultado."
261,5,"Muito bom!. 
. 
Minhas unhas estão mais fortes, meu cabelo mais brilhante e minha pele mais firme. 
. 
Comprarei mais!!!!!."
262,5,"Mto bom,em poucos dias de uso,ja vi a diferença no meu cabelo,cresceu e tem brilho."
263,5,"Um detalhe que estou amando no produto, sente que a barriga não fica inchada deu uma boa melhora!."
264,5,"Estou usando a pouco tempo, mas já notei uma melhora na minha articulação do joelho, e na pele."
265,5,Estou usando a pouco tempo mais se realmente ver resultado volto para opina e se gosta compra outro.
266,5,"Muito bom, colageno de ótima qualidade tomo antes do jantar e já vejo resultado no dia a dia."
267,5,"Bom, vamos ver com o tempo de uso. 
Mas gostei pois não tem efeito colateral nenhum. Gostei bastante."
268,4,"Parece bom, mas ainda não tive tempo de uso suficiente para ter uma opinião concreta dos efeitos."
269,3,"Estou dando 3 estrela porque faz pouco tempo que estou usando,então ainda não vi nenhum resultado."
270,5,"Excelente produto, eficácia garantida atendeu todas as minhas espectativas quanto a pele ficou mais rejuvenesceu. Podem compra."
271,5,"Achei as cápsulas fáceis de se ngolir,por q são pequenas, não tem gosto realmente muito bom."
272,5,Muito bom. Já é a minha segunda compra. Estou no quarto frasco. Ajuda a emagrecer também. Recomendo.
273,5,"Gosto do produto, o preço é bom e a qualidade é tão boa quanto os mais caros."
274,5,"Ótimo, colágeno de qualidade é possível notar a diferença e o sabor de tangerina é muito agradável."
275,5,Eu já vi resultado no cabelo pois estava c queda mas já reduziu bastante vou continuar usando??.
276,1,Costumo consumir essa proteína ha muitos anos e sinceramente axei essa muito estranha não parece ser original.
277,5,"Produto excelente, sou consumidora algum tempo. Realmente a flacidez tem fim com o uso continuo desse colageno."
278,5,"Muito bom. Ainda não sei se alcançarei o efeito desejado, mas estou testando. É aguardar pra ver."
279,5,"Não posso dar uma opinião no momento sobre o produto,comecei usar agora,quem sabe numa próxima."
280,5,O produto é muito bom eu particularmente gosto dos produtos dessa marca sempre cumpri o que promete.
281,3,"Na verdade, não é possível opinar sobre efeitos que não se consegue observar facilmente. Mas, sigo tomando."
282,3,"Nao surtiu o efeito desejado, mas pode ser uma questão de tempo ou genética da pessoa."
283,5,"Só achei as cápsulas muito grande no início,  mas já me acostumei estou adorando esse colágeno!!!!!."
284,5,Produto  maravilhoso  excelente atendeu o meu propósito. Obrigado.
285,4,Produto com bom custo benefício.
286,5,Produto de excelente qualidade. Recomendo.
287,5,O produtor tintura é otimo notar 10.
288,5,"Aliviou muito, vou sempre comprar."
289,5,"O produto é muito bom,estou no terceiro frasco. A minha dúvida é quanto a cor do produto que na primeira compra era branco e agora é amarelo,se possível gostaria de saber se tem alguma coisa haver."
290,2,"Estou tomando mas faz pouco tempo para avaliar. Tenho uma dúvida em ralação ao produto: dito na literatura que o ubiquinol é de cor branca e este é de cor laranja que é a cor do ubiquinona !!!. 
Alguém poderia me esclarecer??."
291,1,Infelizmente não senti diferença nenhuma. Nem sei se é ubiquinol mesmo ou ubiquinona. Comprei uma ubiquinona importada que teoricamente deveria ser inferior a essa e o resultado foi imediato. Essa eu tomava não sentia nada diferente nem no ânimo e nem no treino. Não compro mais esse.
292,3,"Diversos médicos dizem que a ingestão de coenzima q10 proporciona uma melhora no nível de energia do organismo, em especial no coração, cujo tecido é rico em mitocôndrias. Não percebi esse tipo de reação em minha experiência diária, fazendo uso de 2 cápsulas ao dia."
293,2,"Sinceramente não percebi nenhuma das qualidades mencionadas pelos médicos. A coq-10 é indicada como um suplemento que potencializa a produção de energia pelas mitocôndrias, mas a impressão que tive foi de estar ingerindo placebo. Não notei qualquer diferença entre fazer ou não fazer uso."
294,1,Me deu alergia grave estou com todos os laudos médicos e se não for estornado o valor estarei entrando no juizado cível de pequenas causas e no procon. Foi feito perícia laboratorial e constou que o produto não tem uriprinol puro e sim uma mistura.
295,5,"Sobre coenzima q10 200mg, recomendo o uso prolongado, durante dois a quatro meses pelo menos para obter resultados na disposição física e mental. Ajuda a manter o corpo com mais energia e menos fadiga."
296,2,Estou usando há um mês e meio e não senti nenhuma diferença em relação a fadiga. Ou o produto não fez efeito para mim ou o produto não é de boa qualidade.
297,1,"Estou usando produto  desde 23/08 e não notei nenhuma diferença,não sei qto tempo demora para começar efeito,por enquanto não posso dar minha opinião sobre o produto. 22/09/2021."
298,5,"E difícil avaliar de maneira geral devido ao resultado depender de cada um mas para mim funcionou perfeitamente, super recomendo!! com toda a certeza vou comprar novamente!."
299,5,Esse produto é de muita qualidade tem me dado energia diminuindo meu sono diurno por causa da fibromialgia. Tem me dado melhor qualidade de vida recomendo.
300,5,"Esse suplemento é top de linha. É meu suporte no meu trabalho, pois preciso de muita disposição e energia e esse suplemento é td de bom!*****."
301,5,Estou no início entretanto pelo que o produto oferece é muito bom maravilhoso. Estou gostando pois treino bastante e tem me dado energia. Entre outros benefícios.
302,5,"Já havia comprado antes. Estou usando para repor já que faço uso de sinvastatina. 
Não tenho as famosas dores nas articulações tomando o suplemento. 
Recomendo."
303,3,"Bom produto, mas não senti um enorme diferencial como se apresenta na propaganda. Um bom produto, um pouco caro em relação a outros bons produtos."
304,5,"Excelente produto!!! além de ser uma marca confiável e de custo acessível é disponibilizado na melhor forma: ubiquinol e granulado, resultando em um melhor aproveitamento."
305,4,"Parece-me um bom produto, mas não posso afirmar porque faz muito pouco tempo que estou tomando. Se realmente for ubiquinol  certamente terei resultados bons."
306,3,"Faz menos de um mês que estou usando e não sentir o efeito ainda, continuo com as dores no corpo é a glicose também alta."
307,4,"Bom dia!. 
Gostaria de saber porque esse produto é em cápsulas e não e softgel? tem alguma diferença na qualidade do produto?."
308,4,Aparentemente parece um bom produto. A pessoa está bem. E toma todos os dias um comprimido. Comprei por causa do coração dela.
309,4,"Ótimo suplemento, comecei a tomar um de 100mg e mudei para este de 200mg e já deu pra sentir algumas diferênças, recomendo."
310,5,Produto parece ser muito bom. Eu tenho consumido um pouco mais de um mês e tenho me sentindo muito bem.
311,4,"Não formei uma opinião ainda, pois estou fazendo uso a pouco tempo, porém me parece ser um bom produto."
312,4,"Produto muito bom, apesar de ainda menos de um mês de uso já sinto melhora no meu desempenho diário."
313,5,Gostei muito. Senti muita diferença após um mês de uso. Sinto-me mais leve com a mente mais tranquila.
314,5,"Já estou  tomando  faz 20 dias e já notei uma diferença  muito  grande, sup indico, vou comprar  outra."
315,5,"Muito bom! senti muita diferença depois de usar na forma de ubiquinol! vale muito a pena, ótimo produto."
316,4,"Atendeu parcialmente as expectativas,  virtude de não ter reduzido a resistência insulínica, baixando a glicose sanguínea. Grato. Adalberto."
317,5,"Ótimo produto. Percebe-se o seu efeito depois de, pelo menos, uma semana de uso contínuo da coenzima."
318,5,"Eu sofria com dores musculares devido ao uso da sinvastatina, agora utilizando a coenzima q10 essas dores sumiram."
319,5,Muito bom o produto estou com mais disposição depois que passei a usar o coq 10.
320,1,"Propaganda enganosa, não é ubiquinol, inclusive até a menção no rótulo não aparece no produto enviado."
321,4,"Iniciei há pouco tempo , ainda não tenho opinião a respeito, devo aguardar mais algum tempo."
322,4,"Faço uso deste produto a mais de um ano, cujo benefício é muito bom, recomendo."
323,5,"Estou gostando, comprei de novo, creio que vai melhorar mais ainda a parte vascular."
324,5,"Ótimo produto, coenzima é um dos melhores suplementos, e esse sendo ubiquinol é excelente."
325,5,"Sou muito rescente  no uso da q10, diz ser muito eficaz, muito obrigado."
326,4,"Muito bom produto, antes eu só tomava pqq, agora com q10 ficou melhor."
327,4,"Produto muito bom, mas preciso de mais tempo para sentir melhor seu efeito."
328,5,Estou usando pela primeira vez. Com o uso é que poderei avaliar melhor.
329,1,"Péssimo , não recomendo, sem ação nenhuma , joguei dinheiro fora se pudesse devolvia."
330,5,"Boa tarde. 
. 
Tratar-se de um excelente produto. 
. 
Atenciosamente,. 
. 
Marcos demontier melo."
331,5,"Produto muito bom, preciso dele por usar estatina e espero bons resultados!."
332,5,Estou gostando senti um pouco do efeito esperado e prometido pelo produtor.
333,4,O produto faz o efeito esperado. Recomendo a todos do mercado livre.
334,5,"Estou usando a pouco tempo, mas parece ser um bom produto."
335,5,"Ótimo produto ja uso a muito tempo, me sinto muito animado."
336,3,"Comecei a toma-lo agora, ainda não tenho uma opinião formada."
337,4,"Já uso há outo meses, ainda nãso percebi os efeitos."
338,5,"A compra decorreu muito bem. 
O produto é muito bom."
339,4,Está em pleno uso e produto de muita qualidade. Recomendo.
340,5,Produto muito bom lacrado e que esta dando muito resultado.
341,3,"É muito cedo pra avaliar, mas tô me sentindo melhor."
342,5,"Otimo produto antioxidante. 
Eu indico para combater os radicais livres."
343,3,"Não tenho como opinar ainda ,comecei a tomar agora."
344,5,"Muito bom, senti diferença em poucos dias de uso."
345,5,Já é a minha segunda compra estou gostando muito.
346,3,"Tomo vários suplementos, infelizmente não tenho como precisar informações."
347,5,"Produto de excelente qualidade, essa é a segunda compra."
348,5,"Ainda não percebi os efeitos, mas aparentemente ótimo produto."
349,5,Muito bom produto sendo que é de 200mg.
350,5,O custo beneficio desse produto é muito bom.
351,3,Estou testando não sei ainda se é bom.
352,5,Muito bom o produto. Aprovado parece. Sortir efeito.
353,5,"Muito bom, resultados significantes nas primeiras semanas."
354,5,"Gostei muito do produto, xumpre o prkmetido!."
355,4,Ja com prei duas vezes produto bom.
356,5,Muito bom recomendo talvez compre de novo.
357,4,Produto de ótima qualidade! vale a pena!!.
358,5,Produto muito bom. Essencial para o coração.
359,5,Estou plenamente satisfeito com o produto. Recomendo!.
360,4,Ainda estou usando parece que é bom.
361,5,Produto bom recomendopode comprar vale a pena.
362,5,Bom. Sem reclamações. Indico a compra.
363,5,E um produto de excelente qualidade.
364,5,Ja tinha usado. Comprei novamente. Aprovado.
365,5,Ótimo produto! parabéns pela qualidade. Obrigado.
366,3,Até agora não senti efeito algum.
367,5,Até o momento nada a reclamar!.
368,4,Produto muito bom e bem acondicionado.
369,5,De primeira qualidade. Recomendo a todos.
370,5,"Produto excelente, recomendo a todos."
371,5,Ótimo produto meu muito obrigado.
372,5,Eu super recomendo alta qualidade.
373,1,O produto eh maravilhoso. Recomendo.
374,5,Perfeito produto recomendo a todos.
375,5,"Otima qualidade, recomendo a todos!."
376,5,Bom produto pretendo continuar comprando.
377,5,"Muito bom, meus parabéns."
378,5,"Excelente qualidade, recomendo!."
379,4,Bom produto. Xxxxxxxxxxxxxxxxxxxx.
380,5,"Excelente, aprovado! recomendo!."
381,4,Estou usando.
382,5,"Produto cumpre o prometido. Melhora mesmo a concentração, reduz o cansaço e estresse. Pelas pesquisas, a tirosina é importante na síntese de neurotransmissores como a dopamina, a noradrenalina e a epinefrina. Somando a isso tudo, tive melhoras nas ereções. Acredito que em muitos casos não é questão de testosterona baixa, mas devemos dar atenção aos neurotransmissores. Recomendo o produto!! é de boa qualidade."
383,5,"Como todos os produtos da beleza saúde farma, material de excelente qualidade!."
384,5,Produto atendeu minhas expectativas e é de extrema qualidade e eficácia.
385,5,"Muito bom, pode ser usado antes dos treinos para dar energia!!."
386,5,Viu comprar mais tenho problemas para me concentrar.
387,5,Atinge perfeitamente ao que se propôe. Recomendo !.
388,5,Adorei. Obrigada por tudo!!!!!.
389,5,Bom produto e boa qualidade. Espero comprar mais.
390,5,Muito bom. Bom demais. Uma beleza.
391,5,"Parece ser um produto muito bom. Não fiz exame posterior pra avaliar o nível se vitamina d, mas aparentemente é muito bom."
392,5,"Apesar de fazer pouco tempo de uso do produto, parece que está ser muito bom."
393,5,Ótimo produto.
394,5,Muito bom.
395,2,"Fiz uso de 1 caps/dia, e em uma segunda fase, 2 caps/dia, sem obter os resultados esperados. Não posso afirmar que o produto não seja bom, mas no meu caso não obtive sucesso."
396,5,Produto de excelente qualidade. Cumpre o que promete.
397,5,"Funcionou perfeitamente, otima qualidade."
398,5,"A coenzima q10 em ubiquinol tem uma grande diferença quando suplementamos como ubiquinona. Enquanto uma com 100 mg não sentia muito efeito, esta de 60 mg foi muito perceptível a sensação de disposição, energia e, por perceber essa grande diferença, mostra que realmente trata-se de um produto de qualidade."
399,2,"Muitos médicos afirmam que a biodisponibilidade do ubiquinol é superior ao da ubiquinona, e que isso é observável por um maior nível de energia e disposição. 
Eu, particularmente, não observei tal efeito, nem notei qualquer diferença entre consumir ubiquinol (bem mais caro) ou ubiquinona."
400,5,"Extremamente admirado, se igualou a ashwaganda no que diz respeito a ser surpreendido pela ação imediata, mas, q10 supera absurdamente em relação a energia proporcionada, não pretendo parar de usar, treino musculação desde os 16 anos, energia absurda."
401,5,"O produto é muito bom, vem lacrado com todas as informações necessárias e faz o efeito desejado, capsulas pequenas facilitam ser engolidas facilmente, eu recomendo este produto."
402,4,"São cápsulas com pó laranja e eu esperava que fossem cápsulas gelatinosas com óleo esbranquiçado, mas vou usar e espero que faça o mesmo efeito."
403,2,Desconfio que o produto apesar da propaganda tem qualidade questionada! já tomei de outras manipuladas e essa foi a que eu senti menos resultados.
404,5,Produto de qualidade! uso para neutralizar as dores de estatina e tem funcionado! se não fosse ubiquinol eu sentiria as dores.
405,4,Creio ser um bom produto. Ainda não posso opinar pois estou usando há 1 mês.
406,4,"Tenho usado o produto, me parece bom, é difícil fazer uma avaliação objetiva."
407,4,"Como se trata de uma ciência, não percebemos o resultado de imediato."
408,2,Não dá para saber se é bom. Os importados inspiram mais confiança.
409,4,"Estou tomando há pouco tempo, mas é um produto original."
410,4,Não posso dizer. Pois. Faz poucos dias que estou tomando.
411,5,A sua opinião é muito curta! escreva um pouco mais.
412,5,Ótimo na primeira semana de uso já senti efeito!!!.
413,5,Não tenho como avaliar o produto quanto sua eficácia.
414,5,"Produto muito bom, muito satisfeito com o mesmo, excelente."
415,5,Um antioxidante potente. Muito interessante e positivo para saúde.
416,5,"Comecei a tomar agora, espero os efeitos desejdos."
417,5,"Produto muito bom, cumpre o que se propõe."
418,5,"Excelente produto vi resultados!. 
. 
Muito bom mesmo."
419,4,"Bom produto, esta na faze de teste."
420,5,Ótimo produto estou me sentindo mais disposto.
421,5,Excelente qualidade e confiança na fórmula.
422,5,"Produto muito bom, vale a pena."
423,5,"Excelente produto,  recomendo a todos."
424,5,"Recomendo 100%,produto de qualidade."
425,4,Este produto atendeu às minhas expectativas.
426,5,Excelente. Funciona na prática.
427,5,Muito bom recomendo toplllllll?.
428,5,Já consumo produtos desse laboratório algum tempo realmente são muito bom.
429,5,"O melhor que ja usei. Tenho os pes e as mãos muito ressecados. Ja usei vários tipos. Ate mesmo com  uréia,  mas este é o melhor que já usei."
430,5,"Produto excelente! dica: pingar umas gotinhas de vit a, vit c, para restaurar mãos envelhecidas e ressecadas. Perfeito!."
431,5,"Maravilhoso,cheiro agradavel meus pes nao ficam mais ressecados o creme continua hidratanto ate passar novamente eu recomendo."
432,5,"Gosto muito, principalmente usado, em conjunto, com a pomada indicada pela dermatologista. Os pés ficam com outra aparência."
433,5,"Só usei o produto uma vez por enquanto, mas o resultado está sendo favorável. Gostei muito."
434,5,Mto bom pra hidratar peles mto ressecadas pelo sol ou com dermatites que necessitem hidrataçao intensa.
435,4,Bom para as pernas. Não recomendo para o resto se vc tem problemas com espinhas.
436,5,Muito bom mesmo minha esposa adorou eu tinha umas manchas nós braços está quase limpo.
437,5,"O creme é, de fato, muito bom para combater rachaduras nos calcanhares. Recomendo."
438,5,"Produto de primeira qualidade, muito bom, cumpre o que promete,recomendo."
439,5,"Bom produto, hidrata bem, seca rapido na pele."
440,5,Vou começar a usar hj mas gostei.
441,5,Maravilhoso resolve mesmo rachaduras nos pes.
442,1,Não gostei nenhum pouco do produto!.
443,5,Excelente produto recomendo qdo necessá3ruo.
444,5,Excelente produto pra pele recomendo.
445,1,Esse produto nao fez efeito o que peco em farmacia de manipulacao numa porcentagem menor de 30% faz efeito enquanto este nao fez absolutamente nada.
446,5,"Ótimo produto, voltarei a comprar com certeza."
447,5,"Esse colágeno pra mim é muito bom,já faz um bom tempo que eu e minha esposa tomamos dele. 
É bom a pessoa começar a tomar ainda jovem para ajudar com o envelhecimento da pele. 
Não adianta querer ver resultado quando já se tem rugas expostas."
448,5,"Produto mt bom, ótima qualidade, recomendadíssimo!."
449,5,"Boa tarde! tem poucos dias que comecei a usar o colágeno hidrolisado,mas espero sinceramente que supra minhas expectativas pois já me disseram que é muito bom! e se o resultado realmente for bom,já tenho amigas pra indicar ok!."
450,4,"Tomei eu e o esposo, ele por 2 meses, o meu está terminando agora esse mês, se alguém quer para pele ele é ótimo, sentimentos diferença, na minha pele ficou mais firme com viço, só o cabelo que não, vimos diferença na queda, meu esposo tem 43 anos e eu tenho 27, esse produto me ajudou bastante, minha pele no período do frio ficava horrível porque não era acostumada com ele (frio), parece que eu estava com uns 35 anos pra frente antes de conhecer colágeno hidrolisado, agora parece que voltei prôs 24 a25anos, super recomendo se vc quiser rejuvenescer ;*."
451,5,Produto excelente.
452,5,"Muito bom ,eu estou tomando a minha irmã e minha madrasta tbm toma elas amou disse que depois que começou tomar ficou mais disposta a fazer os serviços de casa que antes tinha uma falta de coragem danada e querem que eu compre mais pra elas ,minha irmã tem 52 anos e madrasta 75."
453,5,"Gostei, esperei para opinar p ver o resultado tem 1 mês q usei certinho e meu cabelo estava caindo bastante e unha quebradiça, meu cabelo parou de cair e as unhas não lascam a toa, ambos estão com bom crescimento. A pele esta mais bonita tb. É a primeira vez que uso, foi minha médica que recomendou o uso de colágeno."
454,5,"Produto de otima aceitação e qualidade , fez e faz muito bem pra minha saude , os resultados são notados por todos , estou muito satisfeito , não é minha primeira compra e pretendo ficar comprando sempre."
455,4,"Essa marca de colágeno é muito boa. Tinha tomado em pó. Agora estou experimentando as capsulas. Sinto diferença nas unhas, que eram muito quebradiças e agora não são mais e na pele, mas o cabelo é o mais difícil pra mim, porque ele estava fraco demais! já venho tomando colágeno há um tempinho. Mas essa marca é a melhor."
456,5,"Muito bom!. 
Tomando regularmente, o efeito é notório e passa as dores nos ossos. Já tomo há mais de um ano. A reposição de colágeno, é imprescindível depois dos 40 anos."
457,5,"Excelente  esse produto, por isso dei 5 estrelas, já havia usado antes, porém fui usar um de outra marca, nada comparado com esse, prá mim de todos os colágeno hidrolisado que existe, esse é o melhor de todos, sem querer exaltar, voltei a usar, e agora não troco por nenhum outro!."
458,4,O produto é muito bom estas avaliacoes deveriam e precisam ser mais simples se classificamos com estrela nao precisamos perder tempo digitando.
459,5,"Excelente produto, comprarei novamente, estou usando há um mês e já vejo benefícios, não só na pele e cabelos, mas principalmente nas dores articulares que já não doem mais, somente nos ombros, mas já diminui bastante,o meu tornozelo esquerdo vivia inchado e agora não mais, indico como excelente produto."
460,5,"Até o momento tenho sentindo uma leve diferença nas unhas. 
. 
Vou tomar o restante e verificar os demais beneficios."
461,4,"Comprei três potes acabei de tomar o primeiro,aparentemente tá dando certo meu cabelo melhorou mais o aspecto e minhas unhas estão começando melhorar agora! conforme for melhorando voltarei aq pra falar mais,confesso q quando comprei pensei que seria dinheiro jogado fora mais pelo visto não."
462,5,Estou percebendo uma melhora significativa. Pois tenho problemas em articulações e tem me ajudado bastante a combater esse problema.
463,2,"Este colageno depois de um tempo tomando, percebi que estava mechendo com meu fígado. Comecei a sentir depois de tomar, boca amarga e dor de cabeça. Sempre tomei outros colagenos e nunca tive algum problema. Mais com este, demorei um pouco pra perceber. Já parei."
464,3,Produto regular. Tem que tomar muitas capsulas pra atingir 10 gramas recomendadas por nutricionistas diárias não é muito concentrado.
465,4,"Comecei a usar a poucos dias! como faco dieta cetogenica,  o processo de emagrecimento traz um pouco de flacidez nos músculos, por isso comecei a usar e estou gostando! não apresentou efeitos colaterais, embora seja cedo pra falar de resultados  eu estou gostando e recomendo."
466,5,Primeiros dias de uso. Mas parece ser muito bom! pele está mais esticada e cabelo melhorou a queda.
467,4,Vou falar exatamente onde eu vi a diferença nesses poucos dias que estou tomando. Descobri que colageno é muito bom para o cabelo tbem. Meu cabelo está mais forte e está mais bonito. No geral eu gostei muito!!!! e estou no primeiro pote ainda!!!!.
468,3,Como não faz 1 mês que estou tomando. Não tem como dizer se gostei se deu resultado satisfatório!.
469,5,"Muito bom produto, já é o segundo frasco que uso, e já estou vendo o resultado, usei um de outra marca, mais não senti diferença, esse com pouco tempo de uso, minhas unhas fortaleceram e não racham, e cresceram bem, meus cabelos mais fortes!."
470,4,"Ainda não mandei analisar o conteúdo das cápsulas, mas parece ser um bom produto. Tudo correu a contento."
471,5,"Achei o produto excelente. As capsulas são fáceis de tomar e segui a recomendação de quatro capsulas por dia. Depois de 06 semanas, quase dois meses, eu comecei a sentir os benefícios. Minha pele ficou melhor e me senti bem em geral."
472,5,"Estou tomando a pouco tempo, ainda não tem como ver resultados, mas acredito que seja bom sim."
473,5,"Já é a segunda vez que eu compro esse colágeno e super recomendo. Minhas unhas pararam de quebrar, meu cabelo cresceu mais rápido e mais forte e a pele está bem mais bonita e firme. Podem comprar sem medo. Eu recomendo!."
474,4,"Estou tomando o colágeno, espero logo ter um bom resultado com a pele cabelo e unha."
475,5,"Estou feliz e impressionada com os resultados tomando estas cápsulas. É claro que nada acontece por acaso. É preciso cuidar de hábitos alimentares saudáveis,atividades físicas e também de tomar outras cápsulas para que o resultados sejam eficazes e duradouros !."
476,5,"Gostei!!!. 
Deixa a pele bonita, as unhas fortes e o cabelo com muito brilho saudável. 
Recomendo."
477,5,"Òtimo esse colàgeno hidrolisado em càpsulas,eu e minha esposa jà usamos faz um bom tempo. 
Como estava em falta na farmàcia e não ficamos sem esse produto,resolvemos comprar por aqui no ml,veio corretamente. 
Esse colàgeno è òtimo pra pele,cabelo e unhas."
478,5,Estou gostando. Como ainda estou fazendo uso  a menos de 1 mês  não senti muita diferença.
479,5,"Quase 1 mês tomando vejo diferença, mais disposição e vejo que até meu rosto mudou muito , a pele bastante diferença. Acredito que com 2 a 3 meses verei muito mais diferença. Continuarei a comprar e a tomar super recomendo."
480,4,"Já esou usando o prduto á muito tempo, e gosto do resultado. Ótimo produto. Recomendo."
481,4,"Está muito cedo ainda para opinar, comecei tomar faz um mes, tive uma pequena melhora de dor lombar, más ainda é muito cedo para opinar, vou esperar acabar o frasco e depois opino com mais precisão. Abç a todos."
482,4,Um excelente suplemento. Principalmente para pessoas com artrite reumatóide. Gostei também do ótimo preço.
483,5,"Estou tomando há quase 2 meses, percebi que minhas unhas e cabelos fortaleceram bem, a pele da minha mão ficou com um aspecto bem melhor, não tive mais gripes desde o período que comecei a tomar o mesmo. 
. 
Recomendo!!!."
484,5,Estou gostando só posso dar um resultado ótimo mesmo daqui à as alguns dias. Obrigada.
485,5,"Ja conhecia e tomava o produto e sei que realmente  da resultado. Estou usando a poucas semanas mas indico produto mesmo assim. Com uso certinho da super certo, minhas unhas e cabelos melhoram muito quando tomo esse colágeno."
486,4,"Ótimo produto, depois de um bom tempo usando já se nota a diferença!."
487,4,"Produto bom, cada organismo reage de forma diferente. Na primeira semana já consegui ver o resultado nas unhas. Hoje já com algum tempo de uso já consigo ver o resultado na minha pele. Recomendo e voltarei a comprar."
488,4,Comecei tomar agora por isso ainda é cedo pra opinião sobre o produto.
489,3,"Aberto o primeiro frasco, e o conteúdo não é 240 capsulas e sim só 228 (contados duas vezes). Acompanharemos e veremos a contagem na abertura dos próximos frascos. 
Estou dando 3 estrelas por acreditar no produto das cápsulas."
490,5,Comecei agora  e necessito de um tempo maior para ver o real efeito.
491,5,"Já usava dessa marca e agora nesse pote com bastante cápsulas achei excelente e o preço ótimo , o resultado vem com certeza , eu tomo 3 ao dia e sinto bem a diferença na pele , vale a pena !!."
492,3,Parece ser bom mas vou esperar mas tempo p eu vê o resultado.
493,3,"Bom ainda não posso opinar pois não senti nenhum resultado diferente,mais ainda faz somente 15 dias que estou fazendo uso contínuo,depois volto para dar minha opinião com mais tempo de uso para poder ver resultados."
494,5,"Produto de excelente resultado. 
Ótimo custo / benefício. 
Resultado em poucos dias. 
Super recomendo."
495,4,"Parece ser bom! é complicado avaliar esse tipo de produto logo no início de uso,porque leva algum tempo pra fazer efeito. Porém notei q meu cabelo diminuiu a queda,estou com esperança q pare de cair."
496,5,"O produto é ótimo, já faz tempo que uso é gosto muito."
497,4,Ainda não fez o efeito esperado.
498,3,Ainda eata em teste  so posso opinar depois de novos exames   a pesquisa é insistenre  deviam dar outras opcoes para nao prejudicar o fornexedor.
499,4,"Deve ser bom, so com tempo apos os exames de vitamina d poderemos informar melhor."
500,5,Muito boas as cápsulas realmente vem a vitamina d3.
501,5,Sensacional. Tomo de manhã na hora do café. Fico o dia todo no gás e com foco bacana!.
502,5,Bom gostei eu faço uso já bastante tempo e aí ficasse produz um bom efeito.
503,5,Superou minhas expectativas. No primeiro dia aumentou bem a producao em meu trabalho. Recomendo!.
504,1,"Ainda estou avaliando, mas estou sem grandes expectativas."
505,5,Excelente produto manipulação confiav.
506,5,"Ainda estou usando, faz aproximadamente 1 mês, gostei da textura e cheiro, como ustilizo outros produtos associados, não consigo opinar claramente sobre o resultado, mas acredito que é uma boa associação e bom produto!."
507,1,"Não valeu nada, usei quase o tubo inteiro e até agora não vi resultados."
508,5,Produto maravilhoso pouco dias de uso e já começou a aparecer os resultados.
509,3,"Não resolveu o problema,mas eu prossigo tentando ,obrigada."
510,1,Esse produto nao fez efeito o que peco em farmacia de manipulacao numa porcentagem menor de 30% faz efeito enquanto este nao fez absolutamente nada.
